vertebrate_name,body_temperature,skin_cover,gives_birth,aquatic_creature,aerial_creature,has_legs,hibernates,class_label
human,warm-blooded,hair,yes,no,no,yes,no,mammal
python,cold-blooded,scales,no,no,no,no,yes,reptile
salmon,cold-blooded,scales,no,yes,no,no,no,fish
whale,warm-blooded,hair,yes,yes,no,no,no,mammal
frog,cold-blooded,none,no,semi,no,yes,yes,amphibian
komodo,cold-blooded,scales,no,no,no,yes,no,reptile
dragon_bat,warm-blooded,hair,yes,no,yes,yes,yes,mammal
pigeon,warm-blooded,feathers,no,no,yes,yes,no,bird
cat,warm-blooded,fur,yes,no,no,yes,no,mammal
leopard_shark,cold-blooded,scales,yes,yes,no,no,no,fish
turtle,cold-blooded,scales,no,semi,no,yes,no,reptile
penguin,warm-blooded,feathers,no,semi,no,yes,no,bird
porcupine,warm-blooded,quills,yes,no,no,yes,yes,mammal
eel,cold-blooded,scales,no,yes,no,no,no,fish
salamander,cold-blooded,none,no,semi,no,yes,yes,amphibian